531,21,69,31
164,27,165,18
550,9,208,28
314,24,514,17
103,0,541,19
131,7,681,46
518,5,47,17
65,7,62,75
161,14,74,26
706,13,82,40
211,16,99,10
268,43,145,34
141,21,197,24
599,15,200,13
181,57,232,3
708,0,241,49
513,21,267,25
463,20,302,17
691,26,304,28
720,48,318,14
615,7,368,52
186,15,379,63
397,28,400,49
360,22,419,9
380,20,429,49
753,21,437,49
765,29,456,7
521,28,534,31
162,27,584,26
248,14,595,76
537,9,604,42
160,56,654,0
523,46,656,53
564,0,9,52
292,21,38,17
20,21,52,63
112,6,53,42
405,18,57,3
479,17,59,38
725,44,63,6
328,28,71,34
259,27,90,39
128,26,98,49
731,31,125,35
635,10,126,34
665,7,136,33
113,56,155,17
532,21,173,19
497,27,189,26
676,59,192,44
434,23,194,49
190,17,213,49
117,16,225,20
587,35,236,32
315,20,244,24
295,7,250,30
264,41,270,17
527,0,293,49
529,31,306,63
711,27,346,14
545,31,356,34
451,7,364,35
657,44,383,0
508,23,403,10
552,13,406,49
409,10,407,34
456,10,408,48
410,49,412,3
134,30,415,31
196,14,420,31
734,23,428,26
588,49,442,10
421,0,449,45
417,7,468,35
205,34,473,7
424,6,444,28
507,29,445,21
97,23,491,28
422,17,498,58
350,23,514,52
118,7,515,21
480,31,526,27
15,7,556,45
571,9,560,66
666,44,563,38
590,0,547,35
154,24,575,27
34,0,585,38
374,13,602,14
233,34,620,7
35,35,553,49
627,36,626,37
176,13,630,44
483,7,638,59
367,7,653,55
396,20,659,10
705,23,661,17
470,13,663,3
728,19,684,21
721,10,686,41
247,17,700,7
79,23,704,40
707,0,717,31
757,41,718,28
340,32,724,36
105,9,726,19
543,41,747,34
307,0,756,36
701,54,26,0
145,13,142,45
611,49,159,14
171,41,163,44
37,14,185,34
426,17,195,51
348,50,200,13
453,21,209,35
455,45,226,31
404,25,276,21
740,10,285,45
687,31,395,38
56,3,361,23
520,19,450,72
13,14,557,48
737,21,597,42
562,10,616,31
688,9,608,6
210,34,621,19
175,10,722,34
625,55,736,42
459,14,741,25
735,3,759,34
622,0,4,38
357,14,6,51
402,0,7,37
664,20,8,26
648,16,16,44
668,49,17,21
528,40,18,19
235,21,21,26
85,28,29,23
623,20,30,42
646,7,31,49
193,20,32,55
546,21,33,48
435,34,36,30
324,32,39,28
712,16,40,21
536,28,41,31
550,37,45,28
729,7,50,17
1,27,55,55
223,33,60,14
377,3,64,38
685,34,66,13
505,42,67,12
390,16,73,30
314,45,74,17
763,44,75,34
379,21,77,55
92,29,83,30
274,7,86,56
452,31,88,41
750,14,89,7
174,10,91,48
462,17,96,24
431,16,103,10
332,26,104,45
675,20,106,9
539,10,107,38
517,38,108,0
381,27,110,12
262,18,121,28
72,8,122,45
510,6,123,36
594,9,129,38
525,45,132,35
570,35,133,13
234,7,135,48
42,26,138,7
275,17,140,24
430,36,141,16
582,33,143,36
2,7,144,49
180,14,146,56
58,10,149,36
448,3,153,28
115,22,160,35
681,28,161,31
131,0,162,65
598,49,164,27
81,13,168,34
538,28,169,49
12,59,172,6
715,16,178,10
304,0,179,51
680,38,184,6
351,0,186,45
755,49,187,7
371,7,191,28
591,32,197,13
120,13,198,58
119,10,201,19
251,20,208,28
204,45,214,29
152,31,216,3
158,51,217,14
124,6,218,53
227,7,219,41
291,38,221,28
206,13,228,34
61,38,229,55
338,21,230,44
284,13,231,79
595,28,232,21
343,17,237,52
46,0,242,45
579,6,243,37
14,0,245,41
84,34,246,17
28,34,252,13
308,23,255,38
567,10,261,38
446,41,268,59
500,17,269,21
360,27,271,37
389,9,272,14
703,41,273,17
551,7,278,49
316,24,286,31
615,0,288,46
631,43,294,31
476,7,296,33
156,27,298,21
614,14,299,38
601,14,301,63
489,7,309,24
458,26,310,23
580,24,311,27
116,20,317,35
215,69,320,19
566,43,321,10
207,49,323,24
199,69,330,0
760,30,331,38
318,7,333,70
344,10,334,7
254,13,336,20
605,19,339,21
499,10,342,52
212,32,345,0
673,45,352,13
249,17,355,49
674,52,358,21
624,38,359,7
101,38,363,48
549,36,365,8
150,42,366,27
238,24,369,35
240,39,370,14
257,32,373,20
637,29,376,34
478,28,382,34
65,13,385,30
387,14,386,66
568,48,391,33
372,35,393,28
248,3,397,38
380,20,400,56
281,12,401,55
388,30,413,9
617,6,416,63
636,14,418,51
572,21,419,7
62,28,423,7
477,23,427,26
541,51,429,7
322,0,433,24
652,36,436,10
542,0,439,54
100,21,440,59
290,30,454,62
696,13,460,34
303,13,465,24
649,28,466,35
95,3,469,49
24,13,471,28
548,23,472,46
384,17,475,14
114,49,482,3
438,34,485,13
394,17,486,24
569,33,487,35
3,17,492,34
503,31,493,77
279,32,494,38
267,26,488,17
220,14,496,63
347,0,501,56
80,24,502,58
495,7,506,10
27,38,511,45
10,7,516,33
165,64,523,37
239,12,530,20
287,0,533,21
277,45,534,27
167,44,537,7
362,12,540,35
642,7,544,35
603,7,554,55
329,6,555,35
738,9,561,38
749,7,573,54
68,41,574,29
319,31,576,38
354,30,577,26
137,15,578,49
203,14,583,34
671,21,586,43
300,7,589,55
461,34,593,30
177,21,596,42
584,38,599,21
710,37,606,12
679,0,607,27
629,10,609,13
44,7,610,16
656,7,613,76
49,38,618,34
518,7,619,48
592,7,628,55
694,19,632,17
730,40,633,14
70,3,634,34
645,16,641,26
414,47,643,27
312,42,644,7
484,27,650,40
689,3,651,66
76,56,658,20
111,27,662,38
130,26,667,17
224,10,669,34
283,7,682,30
43,48,683,45
474,30,672,10
411,0,677,41
305,45,678,21
11,14,690,45
481,28,691,10
398,7,693,35
535,13,695,42
565,28,699,34
182,61,706,40
253,13,709,73
127,17,713,24
443,31,719,24
99,9,720,45
109,3,727,34
457,26,732,33
25,24,739,17
425,7,744,32
327,2,746,38
265,28,748,24
51,30,753,7
743,21,761,34
647,21,762,28
558,27,764,21
148,34,702,31
714,41,765,19
93,23,767,21
260,14,48,33
463,28,188,23
392,17,326,33
521,40,464,24
670,20,758,23
697,24,222,3
473,10,117,62
449,31,118,27
125,42,148,21
82,49,164,20
515,34,205,13
403,7,292,41
344,24,422,52
225,13,424,23
412,16,479,42
69,62,514,31
315,49,635,10
444,38,711,17
402,21,724,37
702,34,728,37
345,0,112,55
361,16,163,6
83,3,206,17
26,14,459,35
628,42,548,12
63,24,587,22
378,21,549,51
25,24,1,41
92,27,3,56
436,7,5,41
33,7,6,57
461,25,7,20
229,35,12,56
375,91,13,7
353,0,14,78
79,38,15,31
350,19,19,0
367,33,20,39
294,61,24,6
214,31,28,20
745,42,30,67
395,13,31,16
270,38,34,31
445,36,35,44
161,0,36,55
342,14,37,38
8,9,40,63
406,38,43,36
202,21,44,20
522,0,46,24
385,31,49,54
573,14,50,58
251,39,51,17
506,3,52,33
764,23,56,19
323,20,58,23
352,39,61,20
67,28,65,31
255,7,66,27
677,27,68,32
698,16,70,79
144,42,72,20
199,21,73,16
155,7,76,62
275,14,77,62
376,45,80,14
620,35,84,23
96,21,85,18
555,30,89,14
509,8,94,24
721,24,95,17
336,23,101,44
349,14,103,21
442,13,111,26
579,0,113,38
513,21,115,42
310,31,116,7
134,0,119,7
574,21,127,0
393,0,130,21
74,45,131,7
482,3,132,14
682,28,136,10
9,24,137,47
32,27,145,34
122,13,146,34
656,7,150,51
90,20,151,27
41,27,152,24
683,7,154,34
138,42,156,7
228,19,158,57
397,46,160,20
211,34,162,44
675,3,167,7
128,28,168,49
733,33,171,22
276,41,172,0
329,0,173,37
250,21,176,10
114,16,170,10
226,3,180,31
692,21,186,23
273,47,187,13
462,19,188,41
565,34,190,41
143,34,196,21
234,7,203,45
298,6,207,38
62,21,208,28
684,7,210,45
215,13,213,59
108,34,217,13
317,27,218,16
4,27,220,33
560,26,222,36
457,10,223,17
614,27,238,31
280,3,239,35
98,13,240,8
379,13,243,34
487,27,247,17
235,28,252,44
654,0,254,46
391,35,256,61
679,24,257,23
363,29,259,27
129,17,260,13
649,27,262,18
17,24,265,49
534,29,268,43
438,24,274,62
29,18,277,45
384,51,278,34
71,41,282,35
738,10,284,56
734,14,286,34
448,31,287,12
193,10,288,48
674,34,289,31
695,16,291,20
717,6,295,28
297,3,296,13
86,13,299,7
417,0,302,71
481,49,304,7
60,42,307,14
230,40,308,17
253,7,309,42
416,31,311,10
232,0,312,83
597,42,313,0
279,14,316,54
382,34,319,17
489,35,321,24
97,31,324,34
64,34,328,21
467,70,331,14
435,42,334,20
504,56,335,63
748,30,338,27
694,31,339,9
519,34,341,21
47,15,348,44
22,8,325,33
133,30,351,21
592,17,354,54
293,7,357,31
545,0,326,31
330,12,366,42
100,50,369,51
567,27,371,9
194,16,372,32
59,66,374,0
121,40,377,6
612,29,380,33
433,14,381,9
596,37,383,6
301,3,387,45
650,24,389,20
39,49,390,19
564,0,392,77
736,3,394,49
272,30,396,31
636,37,398,61
726,17,401,38
742,0,405,35
231,14,408,21
602,44,409,14
407,7,410,60
588,41,414,76
551,9,415,34
765,13,418,40
346,51,421,13
709,18,425,24
261,28,426,56
183,16,427,48
197,17,430,24
429,3,431,55
558,14,432,37
440,19,434,48
178,3,441,14
386,21,446,22
142,33,447,28
140,10,451,3
233,47,453,7
2,37,455,65
303,17,460,0
237,6,463,45
601,14,464,51
244,7,465,41
340,51,470,24
290,16,472,58
198,31,474,26
686,17,476,6
645,22,478,27
185,21,480,7
249,7,483,34
420,27,484,16
53,16,486,24
38,17,491,24
443,14,492,42
544,3,493,52
667,21,496,49
547,28,497,34
577,13,498,55
221,28,499,20
149,25,500,52
572,16,501,7
520,14,502,62
593,25,503,48
609,27,505,29
553,8,507,41
452,36,508,10
184,21,510,10
511,51,516,6
200,17,518,10
159,14,523,42
530,28,525,21
195,20,526,19
320,24,527,31
48,14,529,24
241,21,531,45
10,26,532,45
224,7,535,52
216,0,536,70
368,51,537,7
696,19,538,22
102,31,539,7
373,28,540,24
179,10,541,21
533,43,542,19
701,14,528,25
521,32,559,41
554,14,562,28
169,21,546,40
715,47,566,14
466,21,568,59
576,21,570,25
663,61,571,14
242,41,578,17
475,28,580,43
428,14,581,45
740,21,582,38
245,38,583,49
356,21,589,20
189,20,590,45
141,28,591,35
543,20,594,17
618,43,595,20
621,57,600,54
604,49,603,19
174,14,605,45
485,7,608,40
358,29,611,34
419,7,615,34
586,3,616,17
706,34,619,63
88,21,622,50
306,35,624,37
718,23,552,14
704,10,625,62
644,10,627,52
93,31,631,17
91,36,632,29
191,3,633,59
662,21,637,28
135,28,638,26
271,14,640,19
641,20,642,36
333,0,643,77
55,37,646,20
126,29,647,28
75,13,653,34
263,42,657,33
219,7,658,59
437,35,659,17
458,17,661,42
11,0,664,20
283,47,665,7
561,21,666,54
175,52,668,21
27,45,669,9
201,6,670,51
672,24,671,52
246,7,685,42
456,13,687,60
110,21,688,45
610,23,673,30
153,6,680,24
227,6,690,55
411,0,691,48
450,10,693,41
750,17,697,62
105,33,699,29
678,13,703,16
652,20,705,51
556,41,707,10
318,41,708,34
648,0,710,55
468,3,712,45
563,0,714,31
45,14,716,24
743,27,719,12
236,7,725,31
343,14,727,42
488,7,729,42
767,17,730,52
700,12,731,33
364,31,735,28
741,23,737,31
120,50,739,17
359,33,747,19
626,27,751,17
209,31,752,17
423,0,753,42
212,13,756,27
575,15,757,16
109,34,758,7
454,14,759,45
337,30,760,22
689,14,762,59
18,27,763,20
585,28,264,23
598,26,347,0
137,58,98,21
110,6,529,41
728,10,125,24
256,61,168,91
538,7,303,73
371,27,340,59
698,14,457,27
605,27,535,35
410,41,602,17
499,25,669,28
330,19,684,27
635,12,687,73
77,41,705,34
600,3,39,66
87,15,95,44
732,28,237,10
599,7,241,24
244,22,386,59
136,27,459,20
388,34,549,21
343,10,663,37
191,27,689,24
453,0,722,62
668,28,741,9
72,41,2,44
661,24,9,31
436,27,10,30
727,45,11,21
620,50,13,21
641,15,14,27
650,29,15,24
299,21,16,13
539,20,17,14
209,49,21,14
508,27,22,7
229,51,24,27
627,14,25,30
593,31,29,62
472,44,32,17
268,21,37,28
326,22,40,21
153,54,41,7
3,27,44,5
161,35,47,34
160,10,51,51
439,56,52,21
23,19,54,7
185,40,55,27
701,45,56,0
640,23,57,0
409,0,59,69
500,42,61,16
390,35,63,30
505,42,65,35
719,13,66,22
49,35,67,29
314,7,69,52
754,41,78,6
194,35,80,42
267,14,82,26
608,12,86,65
370,27,88,37
195,28,91,35
524,50,93,7
285,23,96,45
269,44,100,40
611,33,101,21
106,31,104,0
756,14,105,31
147,41,112,24
358,14,114,63
424,14,117,51
281,0,120,49
226,21,122,31
7,7,130,63
584,58,131,14
345,7,133,44
664,24,134,17
243,7,135,38
184,27,138,18
655,35,139,0
451,14,142,45
146,21,144,35
12,57,149,42
501,18,150,27
20,15,152,26
532,49,155,56
612,46,159,20
99,21,162,35
26,7,163,41
437,66,165,13
240,0,166,41
157,10,173,27
748,10,175,21
18,0,177,42
273,7,170,45
246,7,178,30
455,23,180,28
181,24,182,21
420,12,183,52
169,26,186,31
75,34,187,0
35,27,189,29
596,21,192,51
293,55,193,41
626,21,196,11
190,24,199,49
42,35,202,0
361,31,206,29
216,12,207,34
681,20,211,42
751,17,215,58
764,22,217,16
145,10,218,48
300,18,219,16
70,28,220,49
379,24,221,63
176,12,223,30
622,28,224,6
711,24,225,30
83,13,228,34
629,28,232,7
324,48,236,33
398,7,242,49
423,59,248,21
115,27,251,47
482,24,253,7
107,49,255,23
607,45,257,13
660,29,258,2
561,14,266,36
121,45,271,6
766,28,275,31
1,38,278,13
383,31,280,37
737,31,283,28
583,25,286,19
744,14,289,24
617,7,290,31
53,10,291,38
654,6,294,80
477,14,296,38
496,37,297,27
151,16,304,13
506,0,305,45
685,35,308,14
544,14,310,55
646,17,311,41
8,13,315,62
442,10,317,48
319,13,320,19
703,47,321,14
265,48,322,65
525,56,327,28
426,24,329,20
653,56,332,6
483,49,333,48
675,17,344,7
118,52,346,42
615,33,347,14
514,14,348,69
530,0,349,13
292,59,351,17
263,57,353,21
735,17,357,20
338,10,359,23
30,26,360,23
411,0,362,41
172,26,367,57
632,35,376,14
365,7,378,22
230,21,381,14
79,47,382,41
458,10,384,20
595,35,385,45
73,10,389,14
548,20,394,45
167,23,396,21
753,36,397,35
227,21,402,19
576,57,403,10
471,27,404,48
154,13,406,46
479,28,407,42
393,3,408,26
374,28,412,41
747,35,413,36
6,62,414,7
355,10,416,56
474,8,422,40
704,24,428,47
103,32,429,14
541,21,431,24
594,3,432,24
306,47,433,3
46,78,434,40
119,14,435,41
542,35,440,54
369,46,443,20
339,21,446,51
658,24,447,19
205,20,449,17
503,35,450,37
587,18,452,37
454,42,456,25
713,19,467,32
461,7,469,38
515,45,473,7
554,28,475,25
116,16,476,24
250,47,478,14
5,39,480,34
400,20,481,49
213,53,484,10
108,0,485,40
693,17,486,22
731,31,487,33
421,0,444,63
270,24,445,30
761,45,489,14
749,25,490,6
272,34,491,18
755,16,492,49
763,7,495,9
34,31,497,7
76,21,498,44
563,22,502,35
488,38,504,35
132,7,509,10
94,16,510,21
316,10,511,63
89,17,512,34
208,35,513,13
245,19,516,24
733,32,517,28
318,24,518,28
239,40,519,6
141,14,520,63
418,40,526,37
603,41,527,26
64,42,533,35
309,23,540,7
752,6,543,22
659,20,556,21
313,0,557,28
171,18,558,27
468,24,559,23
387,30,560,24
31,21,562,28
111,33,545,25
507,32,547,16
725,59,565,14
45,20,566,28
274,56,568,48
247,24,569,41
97,57,570,14
537,0,572,40
448,21,574,27
552,21,575,39
642,31,577,41
36,6,581,90
573,28,582,52
546,48,588,44
264,42,590,0
430,12,591,44
335,18,592,33
682,45,597,10
598,14,604,60
259,0,613,62
743,31,614,14
666,10,616,30
312,42,618,7
325,27,621,7
375,68,623,7
441,37,624,34
585,36,553,12
222,7,625,30
493,40,628,28
672,0,633,24
126,34,636,24
586,14,637,37
356,10,638,48
277,49,643,63
639,7,644,36
401,43,645,21
238,27,648,14
676,28,649,35
392,49,651,24
631,50,656,13
405,10,657,7
33,29,662,20
231,38,667,14
521,17,671,46
757,33,683,34
712,21,686,7
528,23,688,20
179,35,674,17
419,38,677,28
164,28,678,51
652,45,694,35
494,31,695,45
148,20,700,35
531,49,708,17
90,0,709,63
102,14,710,36
198,24,714,59
550,54,716,23
38,30,717,21
43,27,718,21
74,8,720,16
580,10,721,27
399,21,723,52
690,58,724,24
571,7,726,51
630,44,729,7
427,27,734,31
174,0,736,68
50,28,739,17
143,24,740,20
298,10,742,35
341,46,745,27
123,28,746,31
85,24,759,21
276,53,760,12
210,44,702,41
762,14,765,17
692,7,767,42
718,7,154,29
125,23,210,17
662,17,632,31
702,10,684,42
217,15,83,42
266,31,87,17
220,36,113,56
511,63,286,24
608,26,438,34
39,49,508,21
714,36,586,39
638,23,6,45
605,28,10,35
158,33,16,38
495,17,18,25
258,14,23,37
237,7,27,72
644,29,30,36
671,20,33,27
590,10,34,24
547,21,35,7
521,62,36,13
484,10,38,35
32,3,40,34
289,41,42,24
575,51,43,13
271,9,45,12
609,28,49,67
735,28,53,20
310,7,55,26
171,42,56,15
192,46,57,20
156,28,58,17
397,19,62,49
257,0,68,31
533,29,71,10
570,24,73,28
262,28,75,10
393,38,80,23
384,3,85,30
538,46,88,49
138,35,90,14
199,35,97,40
567,0,98,42
518,29,99,30
614,27,102,42
591,27,103,0
648,20,107,63
753,13,115,20
364,5,116,17
444,21,118,31
64,38,121,35
203,31,124,22
560,20,126,27
287,9,127,56
382,45,128,55
432,17,129,14
494,30,130,34
236,9,133,14
485,35,136,38
329,0,140,45
541,42,141,41
122,38,143,34
288,35,145,19
487,47,148,22
400,35,151,7
259,0,153,55
766,30,157,24
482,38,159,18
200,24,161,17
481,41,165,13
168,21,169,42
24,18,172,14
21,10,175,41
470,33,176,20
523,0,179,59
582,47,180,51
304,13,181,44
114,35,184,13
464,13,185,55
440,59,187,2
351,44,190,41
234,27,191,29
634,41,193,40
546,14,194,23
431,51,197,54
95,17,198,70
104,16,202,14
346,48,205,41
274,24,206,27
160,17,208,20
131,7,211,73
359,27,209,21
252,0,214,81
491,34,215,21
564,13,219,31
476,19,222,37
112,24,224,13
72,14,226,34
624,7,230,14
543,7,233,34
147,23,240,15
736,34,244,15
135,49,245,21
381,25,246,0
15,45,247,17
51,70,248,14
8,0,249,34
396,20,250,45
373,63,253,28
497,7,264,56
280,14,263,65
182,55,267,17
186,21,268,42
52,34,269,10
553,35,270,31
330,7,272,41
166,34,275,14
641,14,277,70
70,35,279,41
739,38,281,13
649,38,282,35
395,35,291,21
389,7,292,34
347,7,294,44
751,14,295,41
759,28,296,17
5,13,297,26
635,20,302,48
750,0,303,51
178,14,306,62
696,43,307,14
505,24,312,70
594,14,313,9
241,21,314,15
134,13,315,70
416,7,317,28
162,40,318,10
119,24,319,6
366,38,320,44
620,38,322,17
28,13,328,42
336,34,331,35
545,30,333,24
11,14,334,7
550,20,335,35
472,47,342,7
724,16,343,13
551,13,344,28
63,3,325,38
345,0,350,30
137,30,355,28
658,35,356,27
354,21,326,38
352,35,358,28
501,6,368,24
109,33,371,39
465,37,372,20
407,48,374,20
408,13,376,42
228,28,378,13
669,31,379,49
623,24,383,35
577,35,386,52
647,38,387,31
365,14,388,35
452,44,390,18
221,17,392,31
447,10,394,56
78,24,399,37
25,36,401,57
59,19,410,26
298,7,411,13
409,29,412,21
316,17,414,38
726,34,415,21
14,56,417,20
242,43,418,29
225,55,421,20
473,16,424,66
110,24,361,34
363,0,425,37
554,34,427,41
429,9,430,54
402,21,435,23
82,0,437,56
305,10,439,23
308,7,441,62
709,42,448,14
144,43,455,14
105,3,457,23
559,7,458,27
17,7,459,43
50,35,461,37
516,35,462,38
436,16,463,13
285,25,468,21
173,10,469,38
467,35,471,0
593,23,474,31
261,0,477,44
213,35,478,19
602,19,479,14
177,52,489,27
661,6,493,49
716,17,488,20
37,21,496,28
643,41,498,17
697,35,499,49
616,38,502,31
29,35,503,14
360,11,504,51
492,13,506,7
189,0,507,42
339,10,512,30
423,14,513,24
708,14,514,45
449,17,515,30
428,43,520,23
74,10,522,41
426,9,524,51
77,13,526,30
167,26,527,10
47,3,531,49
323,3,536,28
150,0,537,7
204,52,539,17
367,12,542,19
92,14,528,44
91,42,544,13
717,29,556,35
453,7,557,38
733,40,558,21
195,20,562,23
405,21,566,14
120,63,573,10
565,26,576,49
446,30,548,31
460,17,579,7
188,13,583,20
69,40,584,35
445,14,585,27
621,21,587,42
534,22,589,40
7,27,592,29
65,7,595,52
353,21,596,19
419,20,598,25
22,21,600,29
79,32,601,22
572,38,603,27
299,21,606,14
101,0,607,59
254,0,610,91
41,3,611,33
742,20,612,23
673,0,613,49
604,27,615,19
1,21,617,24
232,34,618,43
370,14,619,19
535,10,622,36
683,20,552,21
155,21,625,51
67,21,629,26
146,23,626,13
196,31,627,14
645,13,630,35
218,47,633,21
46,7,636,37
628,16,637,31
375,47,640,14
642,21,646,25
450,44,651,63
54,16,655,59
723,13,660,16
420,16,664,7
284,21,666,44
517,16,668,21
720,27,681,9
163,6,682,49
433,14,685,21
4,32,687,42
456,27,672,20
332,12,676,49
94,24,679,49
571,0,690,52
380,0,691,37
659,34,692,20
578,37,693,14
89,7,694,49
357,3,695,27
81,14,698,16
555,41,704,14
486,56,705,27
164,35,706,50
650,27,707,20
255,10,710,62
117,21,711,28
31,20,712,27
106,31,713,51
238,7,719,10
475,28,721,45
752,7,722,43
403,16,725,42
223,21,727,30
700,17,728,23
311,6,730,35
569,27,731,7
689,50,732,52
26,7,737,59
729,27,738,17
2,55,740,52
66,3,743,21
404,6,744,63
13,0,747,69
413,47,748,45
139,14,754,36
443,31,755,24
340,31,756,24
406,31,757,21
699,27,758,19
321,3,761,45
170,21,763,24
741,42,764,22
597,17,701,14
227,20,60,28
684,20,125,14
477,33,293,0
462,10,392,47
190,10,403,11
579,16,463,31
348,0,522,10
667,16,142,38
524,45,147,10
532,23,266,16
386,24,661,40
290,44,1,34
226,42,2,48
450,28,4,25
355,14,6,56
669,7,9,28
402,24,11,30
209,48,13,34
12,37,20,34
748,34,21,14
262,55,24,8
630,54,25,33
235,29,26,9
577,7,27,52
586,24,29,20
503,24,31,52
264,47,35,21
22,9,39,54
589,13,40,24
607,52,41,0
211,20,47,21
252,0,48,54
281,21,50,37
62,23,51,12
316,24,53,52
152,48,61,40
45,0,64,61
312,70,65,24
710,27,66,20
180,41,72,38
440,21,75,7
632,35,77,45
23,24,78,14
758,17,79,20
165,13,82,20
606,7,86,49
240,7,87,35
37,42,91,13
265,7,92,41
434,21,93,24
490,17,94,55
427,48,95,28
502,42,96,24
292,24,97,36
461,7,98,30
52,45,100,17
68,48,101,0
255,31,102,21
289,28,104,13
202,7,106,63
105,33,109,30
136,20,110,9
516,14,113,45
90,20,114,62
248,35,115,61
421,7,117,61
60,24,119,14
729,28,120,26
740,22,122,40
212,40,128,38
161,23,131,10
327,24,132,37
19,6,134,31
625,23,135,27
448,28,138,40
399,31,139,14
143,31,144,72
582,14,146,41
613,46,153,7
130,49,155,7
127,49,156,0
555,24,157,43
531,27,162,10
206,52,163,22
179,33,164,27
512,14,166,37
478,30,167,31
17,26,171,44
726,30,176,21
761,68,177,66
495,17,170,38
624,30,178,24
151,19,182,38
697,31,185,14
499,35,188,37
553,11,189,18
126,14,191,17
476,26,195,23
401,31,196,23
236,24,199,31
601,24,201,17
451,9,203,30
44,28,207,31
38,21,213,28
378,20,217,36
36,9,221,55
118,0,225,15
698,31,227,14
542,39,229,42
651,27,231,49
732,38,234,44
762,45,237,14
69,50,241,49
633,12,242,38
33,21,243,28
356,14,244,46
80,17,245,63
731,31,247,17
536,53,254,7
84,30,256,28
611,41,259,7
204,27,260,56
124,48,261,14
192,17,263,59
437,65,267,0
566,38,271,31
18,52,273,20
89,19,275,16
653,35,276,25
57,20,280,19
520,7,284,20
474,42,285,56
58,20,287,63
344,17,295,41
159,7,298,44
7,21,300,16
183,41,301,9
46,32,302,48
685,6,306,52
381,24,308,21
3,30,309,31
498,48,310,28
637,19,311,14
432,27,313,0
200,23,314,27
560,10,315,24
578,10,317,24
99,35,318,27
435,23,319,21
707,23,320,17
610,34,323,0
73,10,324,44
112,24,329,31
215,70,330,7
149,28,332,61
716,20,335,31
425,49,336,0
747,27,338,21
663,10,340,35
371,51,343,41
307,50,345,13
515,27,346,24
150,71,347,0
184,49,352,42
222,28,357,24
414,16,326,45
322,29,359,14
488,16,360,29
331,27,363,28
701,30,365,7
272,45,366,35
187,0,367,69
492,42,369,43
169,17,370,28
612,21,373,49
552,54,374,24
596,7,375,77
81,3,377,29
706,55,380,14
617,10,384,17
232,21,385,37
325,37,390,20
282,34,391,48
736,40,393,39
116,20,395,31
556,10,396,0
513,24,397,19
220,24,398,25
304,28,400,35
42,27,404,28
533,24,405,21
602,10,406,45
43,48,409,3
154,3,410,32
108,33,413,52
690,63,415,42
218,13,416,6
288,21,422,24
251,20,423,13
711,7,424,38
388,24,361,31
704,47,426,54
198,34,428,17
246,23,433,59
16,27,438,22
230,21,441,42
636,38,442,45
305,44,443,7
526,42,447,28
63,27,452,31
342,52,454,43
333,27,458,50
665,24,459,42
174,28,460,54
219,55,464,14
695,21,465,35
328,14,466,35
744,52,467,30
581,17,469,21
724,16,470,20
713,44,471,21
354,29,472,27
449,49,473,7
468,38,475,13
757,22,479,15
394,20,480,17
181,25,481,28
362,15,482,13
250,52,484,7
597,33,485,16
616,17,486,38
728,21,487,55
205,0,444,41
15,27,491,66
379,42,494,58
55,33,496,66
585,55,497,45
216,7,500,72
629,14,505,34
439,56,506,14
34,7,507,24
621,30,508,51
239,13,510,19
493,27,511,26
764,6,517,38
514,38,518,31
530,15,519,13
249,16,521,22
509,21,525,28
382,48,527,14
303,63,535,10
129,39,543,6
291,24,544,17
737,41,558,14
111,31,559,34
619,10,561,49
268,44,563,41
70,35,564,20
483,17,545,24
445,9,547,37
133,19,565,16
214,38,568,21
148,21,569,61
727,58,571,27
412,14,575,56
389,21,576,41
278,27,548,63
600,7,587,43
580,31,588,24
270,24,590,10
14,20,592,3
722,28,594,7
49,49,595,51
598,33,603,19
368,37,604,28
702,3,605,59
649,48,608,12
618,44,609,12
175,31,620,20
694,27,622,29
353,49,623,16
283,35,549,21
504,34,550,56
420,48,551,23
351,6,626,68
455,30,627,33
615,49,631,36
297,14,628,17
193,52,635,38
32,17,638,24
30,31,639,27
383,7,640,65
730,42,643,34
738,20,645,21
672,21,646,30
719,24,648,21
647,27,652,44
501,77,656,28
71,17,657,24
137,21,658,45
751,20,659,27
54,14,660,47
334,8,664,17
457,20,670,0
407,17,683,13
158,45,688,38
680,30,674,7
675,48,677,14
676,20,678,6
673,20,679,26
523,37,691,30
168,40,692,35
634,27,693,31
567,17,696,34
350,19,699,52
210,24,700,6
387,48,689,38
763,20,703,48
534,24,705,56
574,37,709,36
85,7,712,35
529,23,715,7
686,24,714,28
650,27,717,13
59,27,718,10
584,20,720,17
258,33,723,29
570,21,725,28
668,27,733,40
767,38,734,45
372,20,735,17
573,13,739,54
83,31,741,14
253,24,742,20
107,35,743,14
123,54,745,14
349,14,746,19
341,39,749,21
140,23,750,0
557,42,752,0
208,28,753,14
655,16,754,21
269,44,755,13
223,26,756,23
540,20,760,26
76,34,765,14
364,14,766,35
487,24,210,21
662,26,277,41
244,20,658,37
517,13,83,19
687,45,85,20
171,16,283,48
245,66,357,31
398,34,372,24
166,41,766,18
122,62,2,65
500,50,3,22
446,7,4,35
393,41,5,17
276,29,12,24
8,28,14,25
330,27,15,55
549,55,17,14
96,17,29,24
6,65,32,31
35,34,34,16
300,30,36,27
556,17,38,21
467,48,42,10
410,28,43,17
121,38,45,20
634,34,46,49
584,20,47,23
120,45,50,31
476,24,53,16
754,31,54,7
311,34,55,37
383,27,57,20
363,42,58,26
575,21,59,25
698,16,60,30
115,0,62,57
566,3,64,44
385,42,67,56
607,34,68,16
417,27,70,41
271,41,71,57
725,17,73,14
19,0,74,45
562,19,76,13
660,28,78,0
391,36,81,41
715,30,84,20
140,27,89,3
352,44,90,40
16,51,92,7
704,3,98,49
69,49,99,13
259,26,101,42
343,24,105,52
26,31,108,24
11,35,109,21
278,35,111,66
548,20,113,48
91,34,116,24
117,26,118,33
762,21,126,10
79,23,128,42
557,27,129,24
661,21,130,37
94,10,132,17
97,41,133,27
723,28,139,20
103,7,141,28
31,21,142,28
455,3,146,48
370,24,147,34
247,41,148,35
44,35,149,30
604,3,150,7
165,9,151,14
332,0,152,17
479,35,154,28
287,47,156,10
266,24,157,28
438,14,158,51
241,13,161,7
691,27,164,16
301,37,168,44
692,20,169,53
229,55,172,28
463,34,174,6
703,10,177,34
267,22,181,19
93,6,183,36
358,19,184,42
88,21,186,20
324,35,190,33
237,0,191,45
280,28,192,54
442,48,193,41
302,56,194,7
593,17,198,55
713,23,202,10
649,41,204,27
225,24,205,28
459,14,206,45
760,35,207,54
314,26,211,22
396,24,213,42
272,20,215,17
309,56,216,7
326,19,218,27
460,0,219,17
499,33,220,52
415,24,223,31
240,23,224,11
143,31,226,24
134,21,227,19
217,7,228,26
306,42,230,12
65,34,232,48
565,28,236,48
66,26,238,20
746,38,239,14
693,13,242,41
577,13,243,48
308,17,246,33
208,34,248,17
488,7,249,62
180,14,250,35
397,28,251,56
466,38,252,0
743,33,255,36
153,14,257,27
655,44,258,7
334,8,261,41
187,17,262,83
507,7,264,3
86,55,265,7
765,13,268,17
369,38,269,34
497,21,270,56
682,28,274,29
573,16,281,23
284,28,285,62
734,16,288,33
106,34,289,40
545,34,290,52
576,30,292,27
603,34,294,35
373,28,298,21
528,10,299,9
203,27,303,24
82,32,304,34
100,0,305,44
758,34,307,14
609,0,312,56
522,0,315,56
494,27,316,26
747,41,322,25
331,35,323,0
519,34,327,7
48,38,328,14
127,49,336,0
525,34,341,22
527,14,344,13
131,0,348,73
749,0,349,59
601,26,350,15
403,24,351,6
640,41,353,36
9,28,354,7
742,14,362,19
694,10,364,13
361,35,365,0
663,31,371,28
263,0,375,26
282,13,377,42
741,38,378,24
583,58,379,42
178,27,381,20
659,45,382,38
1,21,384,24
155,14,386,55
485,24,388,33
199,6,389,24
222,27,392,28
376,21,394,42
480,29,395,19
23,21,399,0
437,77,400,21
119,20,402,41
104,10,404,55
406,42,407,20
296,48,408,31
159,33,411,37
683,44,412,9
21,33,413,45
356,21,414,70
40,9,416,23
347,14,419,42
295,24,420,17
424,33,421,10
160,16,423,26
254,0,425,55
520,22,427,20
197,58,429,24
430,19,431,32
453,0,432,28
561,51,434,34
579,21,436,18
755,7,439,63
367,27,440,49
114,35,448,29
346,14,449,41
231,21,450,3
275,0,451,28
342,41,456,49
340,34,457,21
726,24,461,19
279,35,464,40
77,23,465,28
721,24,474,28
666,49,475,36
469,56,477,31
484,27,478,24
182,28,481,40
458,28,483,10
189,7,445,17
170,28,489,26
745,28,490,13
291,26,493,49
321,7,495,49
297,48,498,42
714,56,503,37
30,28,504,73
510,23,509,30
51,35,513,0
599,28,514,55
444,31,515,7
625,37,516,44
380,37,523,47
339,7,524,66
256,34,529,63
123,26,530,39
518,10,531,28
87,0,532,48
657,24,533,7
646,20,534,3
173,43,535,28
112,56,538,35
608,38,539,24
61,27,540,20
591,21,541,34
75,14,542,23
286,38,544,17
95,41,554,27
512,31,555,27
56,8,558,31
617,21,559,54
732,28,560,66
145,42,563,30
124,3,564,23
212,29,567,16
260,34,568,59
325,41,570,39
724,48,571,17
631,13,572,40
138,7,574,29
418,35,578,37
422,28,580,35
293,51,581,54
72,14,582,62
590,16,585,21
136,12,597,26
368,52,598,0
718,17,602,23
536,17,610,30
482,7,612,14
41,14,613,73
648,13,614,35
537,32,615,61
686,40,616,21
505,48,618,47
338,7,620,36
596,55,623,7
433,21,624,18
639,28,550,48
409,6,552,55
547,31,553,20
595,24,629,7
739,13,627,7
196,28,630,48
188,6,632,49
546,70,635,38
496,45,637,48
317,14,638,20
7,42,641,21
355,42,642,27
335,55,644,31
366,21,650,38
80,36,651,52
622,28,652,52
20,24,653,52
337,68,654,7
435,30,664,24
163,42,665,44
712,31,667,24
756,51,670,7
162,67,681,7
454,50,671,14
700,17,684,0
441,34,685,14
472,27,672,24
606,7,688,33
678,9,673,3
677,27,676,52
674,29,679,23
675,0,680,20
176,28,690,59
201,19,696,41
486,45,697,23
345,0,699,90
135,63,705,3
179,22,706,23
491,20,707,10
200,33,708,30
107,36,710,44
473,14,711,58
360,43,716,49
167,37,717,14
102,21,719,24
233,35,722,34
470,7,727,31
569,26,728,14
645,21,729,42
310,22,730,38
319,42,731,61
195,24,736,27
25,52,738,0
144,44,740,16
471,0,744,55
13,43,748,47
10,22,750,25
551,10,751,14
313,16,752,0
374,13,757,54
447,24,759,41
273,28,761,47
733,44,764,25
110,0,701,24
125,26,702,27
588,14,767,17
626,20,401,19
27,35,33,9
643,17,628,14
243,15,642,13
748,31,209,16
741,41,217,27
214,27,256,28
275,31,266,33
375,55,280,0
4,17,562,21
583,25,662,24
29,10,686,42
458,12,1,28
418,10,6,39
14,35,7,26
535,27,10,24
309,20,12,19
86,52,16,0
283,56,17,14
761,41,18,14
3,28,20,23
322,51,21,7
452,33,22,13
139,9,23,35
729,26,25,18
594,23,28,21
335,38,30,17
414,37,32,33
587,20,39,26
633,30,40,24
101,36,41,34
152,23,44,20
232,21,49,31
443,7,52,44
723,44,54,13
459,23,56,15
760,31,61,40
248,12,62,84
508,23,63,20
618,14,65,35
318,12,69,92
455,7,72,42
190,18,73,26
531,48,74,6
367,21,75,17
357,20,77,38
696,15,79,20
736,42,80,35
151,14,82,23
668,28,83,44
260,42,84,21
268,23,85,49
112,48,88,14
5,6,91,24
519,24,94,28
667,37,96,7
236,29,97,15
439,77,100,3
66,14,102,17
371,27,105,49
404,32,106,29
614,7,107,37
574,16,114,17
53,24,116,23
205,41,117,23
670,38,119,44
739,10,120,48
657,28,121,33
490,0,123,62
698,6,124,58
215,35,125,24
610,21,127,20
699,48,128,38
60,27,134,24
365,0,136,15
356,45,137,20
709,31,138,19
157,0,140,31
146,36,143,14
454,18,145,20
207,44,149,14
419,7,150,28
92,7,158,41
362,27,159,21
99,31,161,21
523,28,164,44
182,50,165,23
555,0,166,42
434,35,168,28
203,16,173,28
359,16,175,23
177,20,170,12
380,14,179,40
740,10,180,17
619,23,183,21
538,24,186,48
24,63,187,0
277,42,188,20
270,31,189,10
651,26,195,28
738,9,196,55
211,13,200,15
115,14,208,21
307,6,212,70
398,21,221,24
690,51,223,21
515,21,225,50
144,44,226,14
664,17,227,6
517,29,228,28
765,3,231,27
752,0,233,56
762,14,234,34
108,25,235,35
315,56,237,17
348,37,241,31
185,28,245,14
728,23,247,33
213,35,250,31
323,28,254,7
719,3,255,28
78,27,258,62
257,42,259,14
172,7,262,48
623,27,263,48
400,36,267,15
64,35,271,14
15,24,272,45
321,24,273,28
539,7,274,52
216,6,276,70
174,13,279,55
81,17,282,52
526,46,286,7
425,45,287,13
588,3,288,51
202,28,289,44
296,42,291,16
133,23,292,24
422,29,293,26
730,14,297,30
417,7,300,23
370,20,301,17
193,22,302,49
498,12,311,31
629,12,312,41
722,54,313,6
720,14,314,21
402,24,319,21
351,0,324,41
240,13,329,6
707,29,330,0
156,0,331,42
540,37,332,20
290,21,333,27
19,3,334,13
294,38,337,24
413,25,338,21
224,43,339,14
343,17,340,63
658,16,342,22
201,20,345,21
341,26,349,43
600,6,325,37
567,37,350,28
448,20,352,44
456,38,355,66
242,16,326,36
90,26,358,41
550,34,360,37
336,21,363,47
755,21,369,63
742,12,373,28
154,17,374,7
544,7,376,34
733,23,378,13
353,35,383,23
113,31,386,30
377,34,391,9
316,6,393,31
759,13,394,38
717,20,396,23
51,34,397,7
570,37,403,0
45,34,405,23
412,13,406,62
757,51,409,13
552,13,410,42
751,21,420,59
118,17,424,16
89,19,426,36
284,23,428,24
141,23,430,20
103,10,431,30
181,7,437,69
688,24,438,41
229,42,440,34
634,21,442,45
632,24,446,17
76,31,450,27
622,35,451,7
543,17,453,14
415,17,461,34
697,22,462,19
219,22,463,21
48,24,466,14
104,0,467,59
427,14,468,41
571,7,470,41
42,41,471,7
589,7,472,30
346,38,473,14
494,21,476,24
43,42,479,21
447,31,480,34
411,17,482,20
559,42,483,28
167,22,484,30
516,14,486,19
684,14,487,45
449,13,444,27
34,0,445,21
763,27,489,21
366,17,491,57
305,49,492,17
408,14,493,30
703,7,495,0
507,58,497,21
372,42,499,20
653,50,500,49
537,28,501,41
712,27,502,30
639,14,504,63
385,24,505,52
269,21,506,7
395,21,511,17
147,10,512,13
251,45,513,28
162,38,518,7
475,14,520,35
592,38,521,0
261,24,522,23
87,10,524,48
510,23,525,22
295,35,527,7
132,20,530,10
364,38,532,36
9,42,534,0
58,14,536,49
429,13,541,52
478,10,556,30
432,15,557,17
689,22,560,73
169,34,561,36
37,52,563,3
436,18,564,11
278,52,545,62
46,27,546,31
585,0,547,21
389,33,565,34
71,13,566,10
529,45,568,14
210,38,569,17
50,28,573,17
602,30,575,27
199,28,576,59
8,7,577,45
638,26,578,23
70,28,579,26
477,42,580,28
767,7,581,36
2,42,582,56
142,20,586,31
35,35,590,12
197,27,591,17
554,27,593,48
57,10,596,21
388,17,597,14
681,30,599,47
347,0,603,55
572,19,604,22
265,14,606,42
613,20,607,40
67,39,609,35
68,35,611,7
253,13,612,47
111,27,617,17
390,38,621,24
171,7,549,35
382,26,551,23
264,50,553,10
630,47,626,21
401,69,627,14
368,55,631,0
194,35,636,34
55,17,637,23
192,21,640,28
249,34,641,21
488,49,644,25
281,17,645,36
354,31,646,3
191,26,647,23
441,34,649,31
320,17,650,43
750,13,652,29
660,24,655,38
615,41,656,6
344,13,659,20
457,0,663,14
206,66,665,38
285,37,666,44
735,14,669,40
299,24,682,0
59,24,683,27
671,28,687,59
680,45,673,0
678,27,674,63
676,10,675,31
679,19,677,21
706,21,691,24
93,17,692,35
218,37,693,27
303,37,694,0
392,13,695,16
702,14,700,35
605,22,704,23
584,51,708,7
238,43,710,50
421,7,711,63
204,29,715,40
744,10,713,17
407,28,718,22
198,6,721,14
176,14,724,17
727,27,726,7
148,24,731,52
126,26,732,6
469,34,734,7
163,21,737,56
648,7,743,49
327,42,745,23
509,13,746,55
620,20,747,6
239,28,749,6
160,21,753,24
399,21,754,10
109,25,756,35
601,6,758,36
387,28,766,35
328,43,252,16
11,41,435,19
616,20,31,13
244,35,33,51
590,0,507,41
145,28,76,56
373,21,482,6
766,23,512,10
4,41,671,35
211,31,720,14
146,29,2,22
12,49,3,42
472,21,9,29
652,56,10,28
134,3,11,36
322,37,13,26
249,26,14,33
215,45,15,43
355,17,27,27
662,0,32,23
553,35,34,14
497,37,35,45
393,30,37,31
396,7,38,27
744,20,42,3
374,16,43,48
282,17,48,45
505,21,49,25
195,42,53,20
206,45,56,13
375,49,57,0
127,63,58,0
406,47,59,20
435,14,60,10
621,10,63,38
405,21,64,28
153,13,68,41
131,14,69,70
463,35,70,10
45,35,71,47
143,26,72,31
655,48,78,6
466,29,81,21
92,7,86,65
157,34,87,16
329,29,89,27
184,38,90,7
561,42,93,13
123,33,94,29
666,52,95,10
492,49,100,46
541,42,103,21
471,0,104,23
698,10,105,63
467,26,106,14
549,68,108,41
663,37,109,55
597,23,110,11
483,17,111,38
555,28,112,25
423,21,115,26
736,35,116,10
711,0,118,34
573,19,120,60
180,18,122,30
522,7,124,41
700,10,125,24
576,28,133,13
465,7,135,41
258,21,139,23
591,34,141,45
50,27,144,42
166,28,147,12
267,21,151,13
149,34,152,45
409,13,154,21
62,49,160,13
348,21,161,24
74,17,162,50
558,30,163,21
250,19,167,14
183,28,169,17
235,21,171,53
440,20,172,0
495,10,177,27
230,35,178,14
691,26,179,31
82,7,181,17
304,18,182,49
695,28,185,14
113,37,188,10
725,53,190,24
636,21,193,24
442,34,194,6
430,17,197,35
565,12,199,56
47,41,200,14
128,44,201,20
404,14,202,13
535,28,203,38
568,50,204,52
424,42,205,28
61,20,207,50
397,33,208,26
247,9,210,52
715,38,214,35
653,31,216,0
534,17,221,36
705,17,222,38
88,42,224,41
740,40,226,20
340,30,227,22
187,20,229,64
560,38,234,25
292,43,236,34
107,27,238,14
349,14,239,0
339,16,240,22
306,51,246,14
248,14,251,56
159,14,253,41
331,24,254,0
41,0,257,42
256,35,260,38
445,7,264,38
640,14,263,58
158,56,265,3
524,29,266,21
450,40,268,22
547,17,270,20
500,30,276,35
617,42,278,14
26,14,283,54
593,12,284,31
384,17,290,45
511,33,291,28
382,10,295,48
376,0,296,23
539,3,299,28
461,24,300,7
369,24,305,27
20,10,309,17
453,13,313,8
708,17,314,27
5,24,316,23
693,7,317,14
241,50,318,35
330,6,320,46
18,54,321,10
287,6,323,20
530,35,327,17
377,37,328,17
559,23,333,41
402,14,334,15
360,21,335,48
610,46,336,0
175,52,338,7
285,41,342,48
457,29,343,13
444,38,346,17
631,28,347,19
508,6,325,41
73,33,351,7
192,48,353,27
672,24,354,31
642,14,356,20
416,3,326,19
21,0,359,52
298,13,362,20
485,15,365,7
262,48,367,14
150,17,368,48
168,41,370,48
220,7,372,31
137,24,379,13
164,28,380,19
312,76,385,38
732,46,387,59
701,24,388,25
252,6,391,42
394,21,395,7
669,13,398,21
54,34,399,35
165,14,400,21
366,38,403,34
575,55,407,21
718,34,412,0
209,33,413,37
40,31,414,16
36,47,417,48
386,33,418,65
473,19,421,24
734,31,422,14
136,0,361,13
156,0,425,51
98,21,426,38
431,42,429,13
233,24,432,17
308,14,433,31
692,24,434,31
279,35,436,26
269,0,439,54
381,18,441,42
506,14,443,21
277,49,446,36
408,28,447,53
358,15,448,23
225,29,449,26
173,38,451,14
39,21,452,27
231,38,454,7
582,52,455,53
243,48,456,31
464,36,460,6
288,14,469,28
474,14,475,42
581,9,477,24
337,7,478,65
437,42,481,34
132,27,490,7
80,14,494,49
30,14,488,21
603,28,501,42
96,49,503,7
749,20,509,33
341,22,510,54
681,21,514,54
117,28,515,48
378,14,517,17
745,17,519,42
746,47,525,13
493,20,526,49
420,20,527,13
84,41,529,44
121,41,533,14
363,34,536,58
656,21,537,56
119,45,538,49
44,25,540,7
24,6,542,44
722,27,543,28
274,24,528,31
480,18,544,15
468,41,554,15
213,28,556,14
563,13,562,16
1,48,545,27
302,14,546,37
307,9,567,42
324,42,570,28
415,37,571,24
294,10,572,31
352,33,574,38
174,19,579,30
155,30,583,38
189,9,585,48
22,21,587,48
293,24,588,21
646,17,589,27
557,33,594,0
67,14,595,45
615,34,598,20
518,21,599,17
390,31,600,28
212,31,601,28
683,14,602,34
419,7,604,51
186,27,605,20
438,35,606,7
611,7,607,57
682,29,608,7
65,19,609,30
649,35,612,0
101,0,613,68
719,12,614,10
301,35,619,38
748,21,620,33
532,14,622,52
280,27,623,28
644,46,550,53
659,38,551,14
479,7,552,35
462,37,625,40
618,0,629,34
627,21,630,59
496,52,628,27
130,17,632,24
6,58,633,21
635,14,634,41
716,32,639,28
592,21,641,7
310,16,643,48
25,44,645,20
102,41,648,7
491,23,650,24
91,31,651,17
566,14,657,28
754,21,660,28
548,27,661,23
319,0,664,37
29,30,667,31
764,27,668,41
148,34,670,48
569,44,684,21
624,41,685,35
586,28,686,41
16,22,688,30
674,13,675,24
673,40,676,16
679,31,678,27
677,7,680,44
470,21,690,44
345,7,696,54
79,27,699,13
647,34,689,32
489,7,703,32
523,44,706,38
272,28,707,9
114,20,709,47
142,13,712,27
289,27,713,21
502,20,714,34
484,21,717,55
428,24,721,34
23,33,723,3
223,30,726,28
724,25,727,27
731,24,728,36
196,28,729,0
83,48,733,50
499,37,735,34
665,13,737,70
626,55,738,7
281,24,739,45
228,27,741,2
411,7,742,25
710,20,743,27
364,20,750,27
344,23,751,14
129,39,752,10
513,26,753,20
52,35,755,33
371,21,756,58
410,37,757,17
350,19,758,34
286,20,759,49
332,38,760,12
170,23,761,38
191,17,762,30
273,21,763,28
487,41,702,0
687,24,765,16
580,17,767,29
97,23,389,0
658,38,577,17
571,20,176,46
27,14,243,34
53,14,494,52
245,49,697,28
651,51,736,24
55,14,730,58
392,14,77,27
765,34,145,21
354,21,220,13
668,13,228,44
291,31,408,38
686,41,667,10
216,6,3,49
76,48,4,38
116,10,5,17
7,27,8,10
170,19,18,20
276,52,20,23
660,13,23,19
75,13,24,0
2,20,25,59
549,14,26,7
502,15,29,44
693,45,32,31
507,35,35,10
325,21,39,7
713,38,42,24
760,0,44,43
635,10,46,41
314,7,47,10
739,6,50,7
139,21,54,6
11,21,60,0
753,0,62,35
71,10,64,26
49,33,65,21
107,34,66,3
312,49,67,19
403,14,73,38
328,34,81,38
568,20,84,28
476,7,85,6
512,13,87,7
438,38,92,14
169,38,93,28
712,10,96,12
576,44,97,21
237,35,98,7
257,62,101,28
429,7,103,56
283,48,108,0
343,6,109,43
704,24,112,49
138,27,114,24
51,62,115,7
449,35,117,42
664,36,119,40
405,13,121,49
455,38,122,43
519,24,123,21
315,38,124,10
689,27,126,34
536,6,127,35
313,3,129,13
318,24,131,19
745,21,132,34
199,14,133,7
402,28,134,27
240,0,140,38
197,24,141,48
503,41,142,34
180,24,143,45
582,42,144,84
226,0,146,39
766,10,147,17
728,33,148,46
540,13,149,41
207,48,152,45
607,42,153,14
43,52,154,24
379,22,155,17
323,7,156,22
606,3,158,22
742,21,159,6
251,29,160,27
599,14,162,56
56,6,163,22
706,51,164,37
266,17,166,24
38,31,167,6
619,56,168,53
542,35,172,6
652,36,173,40
464,13,174,28
13,14,175,49
400,35,181,22
82,30,182,36
448,35,184,54
264,49,189,7
491,48,190,35
732,43,191,45
623,14,192,60
193,23,194,31
37,37,195,22
645,7,196,24
284,14,198,38
699,53,201,0
529,56,204,21
350,7,212,45
338,23,209,24
717,28,213,38
260,19,214,32
707,16,215,24
733,33,217,12
242,36,218,17
436,3,219,38
135,59,222,10
329,21,224,13
346,14,225,27
433,6,230,40
268,20,231,50
609,38,232,44
594,7,233,61
17,9,235,13
389,38,236,21
99,8,241,31
137,37,244,34
684,21,247,28
513,33,248,36
36,38,249,45
362,27,253,20
614,27,255,30
715,3,256,40
754,27,258,17
68,33,259,0
698,28,261,51
440,19,262,15
16,41,265,3
481,39,267,29
443,41,269,14
657,38,271,14
320,0,272,34
177,48,273,20
339,0,275,56
583,36,277,57
579,27,279,21
120,62,281,24
252,0,282,45
428,17,285,24
254,14,287,55
581,38,288,28
565,14,292,56
643,31,297,40
612,44,298,20
608,6,299,28
622,10,303,13
165,41,304,21
441,16,306,27
601,3,307,31
178,47,308,14
628,26,310,27
334,34,319,23
413,41,322,23
725,38,324,21
490,14,327,24
650,40,330,28
61,42,332,52
58,27,336,32
670,3,340,51
239,17,341,0
79,35,345,14
604,64,347,25
69,56,348,30
509,7,349,41
570,56,351,37
709,56,352,14
57,7,353,42
33,43,355,47
705,56,357,35
574,27,358,17
10,9,364,28
15,60,366,55
229,45,367,24
52,30,369,28
479,28,374,23
383,7,375,80
286,33,376,63
48,0,377,14
764,0,378,26
691,36,380,14
685,30,381,14
751,31,382,47
111,21,384,23
22,0,390,14
526,13,395,23
630,35,401,34
289,49,404,32
412,26,407,51
410,63,409,7
373,41,411,28
727,36,415,21
638,13,416,28
317,15,418,14
656,23,419,56
344,7,420,45
118,31,421,0
588,49,422,35
208,37,423,7
515,34,424,14
331,3,425,30
666,49,427,21
591,31,430,38
370,48,434,21
227,27,435,22
151,0,437,49
302,42,442,15
70,9,447,45
562,24,450,28
752,7,453,24
756,31,457,17
290,21,458,48
737,49,459,14
391,10,466,37
202,0,467,55
721,35,468,30
726,26,470,10
106,33,471,20
534,17,472,41
444,62,473,17
95,38,474,28
396,35,478,33
759,17,480,31
278,28,483,31
110,0,485,31
446,22,486,44
125,10,487,17
590,37,445,34
495,22,489,13
439,55,492,24
311,14,496,51
637,35,498,38
398,51,499,17
309,17,500,21
294,40,501,36
595,24,505,41
100,23,506,19
587,7,508,14
296,24,511,30
185,45,516,54
14,27,521,13
426,24,522,14
179,48,523,24
157,0,524,66
94,23,530,51
514,23,531,35
750,10,532,21
598,37,537,27
605,20,538,7
528,42,539,0
431,14,541,43
557,45,543,7
520,41,554,14
88,26,555,49
250,31,556,28
545,25,559,28
301,35,561,59
671,37,563,50
460,3,564,32
34,10,547,6
533,14,566,27
758,21,567,26
702,35,569,58
368,27,572,14
683,7,575,34
130,26,548,20
633,24,578,27
469,59,580,14
200,0,584,44
270,14,585,34
31,38,586,35
300,7,592,41
475,42,593,39
263,49,596,35
63,20,600,16
59,37,602,24
363,15,610,17
611,0,613,60
603,28,615,44
714,41,616,38
333,24,617,17
452,12,621,7
246,9,624,27
488,35,550,20
295,48,551,14
497,47,553,39
465,41,625,51
385,0,629,24
729,16,626,41
738,34,627,37
150,42,631,14
546,56,636,33
335,71,639,48
280,7,640,53
417,14,641,42
456,20,642,27
234,28,647,17
12,42,653,59
399,0,655,48
527,7,659,41
661,24,662,17
105,28,663,41
558,33,665,10
589,17,669,20
74,58,681,21
454,19,687,61
9,19,672,0
86,22,688,6
676,28,674,35
673,24,677,42
675,21,678,27
680,40,679,10
183,42,692,25
451,34,694,0
462,21,695,31
128,45,696,38
720,7,708,19
205,34,711,31
644,30,716,41
406,55,718,2
432,10,722,9
78,0,723,24
223,22,724,29
210,41,731,12
477,17,734,37
221,38,735,17
72,6,740,28
517,10,741,7
104,0,744,58
510,19,746,37
21,0,747,51
359,7,748,14
525,42,749,28
305,66,755,19
552,26,757,38
703,28,761,21
387,21,762,42
321,0,763,41
361,6,701,13
293,43,767,17
316,35,80,28
393,42,91,51
53,13,651,45
476,36,5,26
632,40,113,52
494,59,736,14
142,34,29,42
512,20,157,7
747,17,209,21
735,10,398,29
516,23,695,13
483,47,1,49
641,21,8,30
646,3,9,52
173,21,10,16
216,10,12,63
413,39,13,29
606,28,16,14
26,28,17,30
338,55,21,7
621,19,22,34
196,17,25,34
550,30,30,34
686,20,31,38
577,14,33,38
189,28,34,26
7,45,36,14
4,14,37,17
638,24,40,28
68,75,41,0
757,34,43,20
657,14,45,0
194,17,46,13
81,6,48,25
423,14,51,73
492,41,52,48
498,31,55,35
665,17,56,31
263,61,57,13
610,60,58,0
407,31,59,26
44,41,61,24
39,52,63,21
146,59,72,0
514,41,74,35
85,16,76,21
54,14,78,31
201,7,79,49
400,20,82,42
204,13,84,53
158,16,86,21
688,36,92,3
327,26,94,20
348,21,99,4
755,17,100,38
42,24,104,14
340,40,105,21
744,48,106,3
719,17,107,41
388,44,110,10
333,38,111,24
334,22,119,45
566,20,121,49
569,25,125,20
345,27,128,56
446,0,130,42
241,38,131,0
123,9,132,16
435,13,134,30
357,16,135,77
701,10,136,24
27,23,137,7
352,33,138,34
2,63,143,64
294,7,150,55
481,42,151,28
181,30,165,3
108,17,171,19
564,6,174,25
763,18,177,66
321,6,170,38
433,29,178,36
164,25,179,41
144,45,180,52
561,27,183,10
172,28,187,10
386,59,188,41
116,7,195,17
541,48,197,10
292,13,199,6
471,36,202,19
532,21,203,24
421,0,205,48
737,38,206,41
148,17,210,56
708,35,211,34
758,51,212,21
167,17,213,41
366,17,215,63
418,38,218,17
220,49,221,14
470,7,223,37
140,41,224,0
11,40,227,6
75,24,229,28
685,27,230,24
67,20,232,38
126,10,234,16
522,20,237,38
255,35,238,27
642,40,244,31
417,19,249,24
38,17,250,20
62,25,251,13
377,42,252,7
156,23,254,13
613,14,257,13
399,35,258,17
542,14,262,29
547,10,264,24
147,18,266,52
304,41,267,39
687,56,268,17
35,24,270,17
650,26,272,48
489,47,273,44
299,10,274,3
309,7,276,33
458,41,278,20
219,23,279,31
596,54,280,17
50,20,281,17
235,2,283,63
468,27,284,31
408,31,286,55
467,38,289,20
559,26,290,43
580,48,293,51
253,30,298,20
521,28,300,34
93,44,301,48
636,14,302,21
269,0,305,27
350,20,307,9
306,56,308,0
297,27,310,3
49,31,312,34
233,50,313,6
98,0,315,49
242,34,317,17
161,41,318,22
60,18,319,0
175,49,322,0
425,40,323,7
275,40,329,14
391,38,328,48
287,27,331,56
207,55,332,56
89,17,339,45
756,49,343,26
117,31,346,28
243,25,356,44
6,29,326,0
620,33,359,32
127,28,363,21
692,24,370,35
362,6,373,40
353,7,375,80
395,24,376,3
342,59,379,62
624,20,381,3
420,49,382,20
192,62,383,7
191,21,387,18
133,7,389,14
185,20,392,12
511,7,394,42
115,30,397,38
664,27,402,31
324,62,403,10
713,49,404,42
71,34,405,17
575,21,406,31
374,0,410,55
602,30,412,23
578,48,414,44
724,24,415,3
354,3,416,45
368,42,419,0
124,3,426,37
95,42,428,49
103,35,430,14
141,17,431,14
543,14,432,28
70,30,436,28
182,21,437,63
265,20,438,44
24,6,440,45
246,0,441,49
439,52,443,10
90,25,448,32
424,25,449,17
303,24,451,35
600,21,452,49
129,38,453,13
562,31,454,23
740,16,455,20
14,42,456,52
109,10,457,40
571,14,461,41
245,38,462,28
460,20,463,37
200,12,464,52
222,28,465,47
282,50,466,29
767,7,469,17
118,62,473,0
198,48,475,13
288,16,477,26
409,0,479,27
486,31,480,21
556,31,484,10
361,20,485,0
225,17,444,16
519,33,490,0
320,7,491,65
447,31,493,36
761,42,495,13
639,0,488,42
445,31,497,38
20,34,500,37
615,24,501,17
667,21,502,42
586,38,503,21
716,14,504,75
369,43,506,21
585,10,507,35
390,21,508,22
239,35,509,7
749,13,510,44
160,38,513,35
711,40,515,23
217,0,517,28
681,21,518,20
285,48,520,45
691,49,523,21
166,9,524,14
349,47,525,41
296,36,526,38
214,28,529,23
599,30,531,54
271,30,533,20
672,34,534,26
694,45,535,21
336,0,536,52
152,0,540,24
608,20,528,27
538,7,555,38
722,19,557,13
459,14,558,47
762,20,560,35
384,6,545,23
634,21,546,38
97,49,565,34
256,47,568,62
190,7,570,48
347,7,572,41
739,39,573,0
184,17,574,6
236,7,576,48
277,31,548,45
422,7,581,59
122,50,582,46
661,41,583,15
314,17,584,27
325,24,587,13
734,34,588,31
372,24,589,26
553,23,590,35
429,21,591,37
427,57,593,14
752,3,594,8
365,7,597,44
656,14,598,52
567,27,601,10
537,27,603,29
88,14,605,27
259,0,607,51
595,35,609,49
153,21,611,10
411,16,612,47
710,33,614,9
385,18,618,41
434,24,619,48
261,51,549,10
120,74,551,28
154,16,552,10
65,18,629,49
344,3,630,59
604,40,631,20
311,13,628,14
669,3,633,14
442,24,635,27
730,42,637,41
623,20,640,63
496,51,643,46
360,20,644,21
626,20,645,17
66,20,648,0
330,0,649,44
364,35,652,28
3,27,653,42
23,16,655,27
355,16,658,26
295,31,659,7
139,0,660,48
155,19,662,49
474,20,666,42
378,0,668,20
371,34,670,21
539,14,682,35
231,48,671,3
718,42,683,35
731,31,684,28
675,14,673,20
677,14,674,29
676,33,679,38
678,7,680,59
77,31,697,21
696,19,699,46
487,25,700,17
663,11,689,20
18,17,703,54
186,47,704,30
625,41,705,24
380,22,706,41
15,39,707,42
358,7,709,43
616,23,712,27
260,24,715,20
96,13,714,19
478,34,717,24
47,17,720,20
554,14,721,26
351,14,725,48
690,48,726,21
176,17,727,29
73,34,728,31
627,31,729,35
647,38,732,24
228,48,733,26
401,48,738,35
482,20,742,17
102,19,743,23
530,42,745,7
341,28,746,38
527,23,751,17
248,14,753,61
723,21,754,14
544,17,759,31
149,27,760,30
83,32,764,13
247,36,702,33
563,9,765,24
87,16,766,46
316,14,91,48
494,28,393,30
651,15,476,38
464,25,70,28
699,60,307,6
705,27,465,23
128,47,567,27
211,26,584,31
210,61,728,28
231,17,76,24
313,20,543,35
357,23,625,54
180,52,2,10
276,33,3,14
454,24,4,42
416,0,6,24
249,29,7,16
300,20,8,2
589,23,9,26
500,19,12,35
320,7,15,51
489,14,18,47
698,47,19,21
63,28,22,20
754,14,23,45
367,35,24,6
667,28,31,31
326,24,32,17
585,17,35,20
329,13,37,31
478,7,38,41
106,38,42,9
332,22,44,25
533,21,45,14
708,21,47,31
629,38,49,21
208,7,51,19
258,38,54,13
254,41,58,31
412,7,59,69
513,23,62,41
614,0,66,35
618,34,67,36
613,15,68,21
161,7,69,56
121,56,71,20
518,14,74,9
172,7,75,34
135,27,77,7
212,10,79,30
252,7,81,28
378,7,83,21
147,42,87,20
704,52,88,36
574,56,90,7
619,23,93,28
285,14,95,37
73,13,97,28
131,12,99,59
197,8,103,7
102,29,107,23
17,3,108,21
365,14,110,20
290,40,111,27
446,24,113,35
80,24,116,13
444,48,117,21
205,35,118,28
50,42,120,35
327,34,123,55
237,0,124,16
387,13,126,9
331,16,127,48
722,14,129,16
583,23,130,35
190,23,133,17
33,44,137,16
78,14,139,30
714,31,142,7
122,20,144,49
684,31,148,24
61,54,149,41
760,14,152,21
101,14,153,51
548,62,155,50
166,35,157,24
299,24,158,21
267,21,165,13
556,24,167,17
434,20,169,63
26,13,171,19
415,21,176,28
151,16,181,21
370,10,183,13
709,47,184,28
462,35,185,42
555,24,186,28
547,20,189,13
375,50,192,15
46,21,193,52
538,39,194,40
5,7,195,27
739,14,196,19
666,20,198,59
324,33,199,32
720,37,200,19
652,41,203,10
256,27,204,70
558,47,206,34
540,7,207,38
84,42,214,21
20,37,216,0
578,31,218,35
579,44,219,21
735,15,220,34
473,0,225,58
262,23,229,20
557,35,233,38
549,34,235,7
351,50,236,48
743,21,238,7
525,48,239,62
89,3,240,14
40,10,242,27
658,35,243,21
392,21,245,27
230,34,246,10
125,28,247,6
160,42,248,38
717,21,250,45
753,20,251,23
648,15,255,42
41,9,259,27
529,48,260,35
34,0,264,28
383,6,263,83
688,75,265,14
492,17,269,49
507,38,270,10
224,13,275,17
632,59,277,49
328,14,282,42
427,46,284,27
376,32,291,34
570,45,292,21
288,23,293,28
272,24,295,34
480,14,296,10
55,14,297,28
532,31,303,48
437,49,304,13
52,35,305,45
381,17,306,42
653,48,309,18
310,17,311,21
177,61,321,7
491,62,330,6
278,9,333,38
488,9,335,33
156,13,336,6
13,24,338,30
140,48,339,6
109,21,340,63
509,28,341,14
382,50,344,32
318,14,348,49
510,7,349,50
452,13,325,17
114,37,352,34
280,13,353,45
534,13,354,28
244,22,355,36
138,26,358,7
639,38,360,37
287,35,363,28
612,20,362,34
707,27,366,22
347,14,368,58
457,17,371,21
669,13,372,30
159,18,373,47
466,14,377,31
85,35,379,16
609,34,385,20
662,21,386,47
136,26,388,12
403,14,389,35
587,14,390,31
48,22,391,13
493,26,395,6
484,26,396,23
660,35,399,13
182,27,400,21
729,23,401,24
11,23,402,50
271,21,405,28
683,7,406,47
602,10,407,13
526,10,408,41
374,34,409,14
479,13,410,40
253,13,411,21
359,21,413,14
261,54,417,39
693,28,418,33
631,12,419,21
659,33,420,34
515,41,421,0
469,48,422,7
397,9,423,14
346,27,424,23
597,7,361,22
315,51,426,14
475,7,428,35
141,59,429,28
441,53,433,7
174,0,436,9
86,49,438,7
369,7,439,49
546,38,442,40
100,33,443,28
286,35,447,54
145,10,450,49
10,10,451,24
143,52,455,24
617,14,458,47
163,29,459,39
279,17,460,29
470,28,461,31
404,12,467,55
520,10,468,17
289,40,471,13
82,14,481,31
298,0,482,28
384,34,483,37
222,13,486,42
273,12,495,40
498,47,496,48
590,24,497,30
472,31,499,34
232,10,505,43
759,10,511,22
266,29,512,7
162,49,514,13
697,22,516,52
283,21,517,10
132,19,519,24
98,34,522,6
551,21,527,24
490,20,530,52
364,28,535,9
323,19,536,38
72,28,537,20
16,41,539,13
430,31,541,27
187,6,542,70
682,34,528,10
394,42,544,7
1,17,559,10
168,52,561,56
671,27,562,24
463,28,564,12
487,41,565,7
700,21,569,16
223,55,571,7
150,21,572,10
281,23,573,16
718,7,575,26
725,33,576,10
356,38,577,10
734,12,580,17
226,34,582,35
96,15,586,14
581,57,588,38
431,10,591,37
36,24,592,56
721,31,593,18
453,33,594,30
312,34,595,20
640,35,596,59
501,43,598,14
508,33,600,10
112,30,605,14
92,28,606,31
649,23,607,63
274,42,608,31
425,7,610,10
257,29,611,20
503,17,616,48
209,0,620,34
39,20,621,31
173,3,622,17
57,8,623,0
308,6,624,24
43,28,552,18
445,35,553,14
25,13,626,41
645,21,627,24
738,0,630,58
317,7,633,24
302,41,634,14
635,13,636,38
414,24,638,38
27,38,642,7
637,41,643,34
504,35,644,29
221,45,646,7
560,27,647,42
215,38,650,16
603,26,656,7
64,17,657,21
188,18,661,24
21,27,665,42
217,32,668,29
105,34,670,13
531,62,681,0
178,0,685,31
502,25,686,32
563,24,687,62
398,48,672,32
674,42,673,0
679,13,675,27
680,49,676,21
678,39,677,25
727,31,690,47
301,30,692,48
750,24,694,17
342,24,695,45
234,49,689,13
170,17,703,24
449,17,711,16
568,27,715,24
104,6,713,44
30,37,716,36
710,33,719,14
655,9,723,0
726,7,724,45
628,10,730,47
702,25,731,45
762,38,732,23
741,27,733,13
56,0,737,52
146,41,740,3
202,0,744,79
94,58,745,21
175,33,747,0
322,45,748,0
746,52,749,0
213,47,751,6
432,24,752,0
506,34,755,24
663,12,756,16
154,20,757,24
761,27,763,21
228,47,764,6
485,17,701,20
524,59,766,43
477,10,767,31
736,41,53,42
393,13,476,7
91,17,494,52
661,17,277,48
651,56,316,34
545,0,458,44
220,38,472,41
483,35,617,23
76,45,454,14
198,74,520,23
386,28,548,18
111,16,1,7
80,21,5,6
647,17,6,50
622,23,10,25
300,3,14,24
244,17,27,45
356,17,33,31
140,14,37,28
342,0,40,53
442,23,46,48
214,13,48,20
628,16,55,9
162,41,62,48
377,0,64,31
709,14,68,41
51,44,69,41
219,19,70,33
724,35,79,41
19,10,81,46
558,19,83,34
466,14,84,21
456,10,85,45
228,27,86,40
224,17,89,14
593,24,95,38
124,12,98,7
238,14,102,35
670,23,109,30
186,38,112,31
130,13,113,38
710,13,121,54
185,6,135,35
243,41,137,17
686,30,142,7
146,37,144,17
687,29,145,24
157,21,147,24
87,7,166,49
93,38,168,41
694,42,173,21
698,7,174,41
441,20,175,13
155,21,188,55
560,38,191,27
388,38,206,22
264,19,213,21
284,10,218,63
77,21,222,22
359,20,230,21
562,14,231,23
737,24,233,42
426,56,237,42
275,32,240,31
379,27,242,66
695,27,245,30
444,42,250,17
438,48,255,56
599,17,261,44
766,27,266,45
671,28,268,35
559,42,278,20
88,56,279,55
721,26,285,13
296,63,286,0
767,28,288,35
337,19,294,51
225,27,295,38
688,44,299,42
169,34,301,7
529,23,305,20
361,0,306,49
643,6,311,21
335,9,312,15
302,52,315,60
398,23,317,34
272,40,324,26
339,34,329,3
223,21,340,43
576,20,325,14
577,38,355,48
465,52,357,10
534,10,326,42
203,26,364,27
615,34,368,21
561,31,370,14
646,0,372,23
263,6,375,27
493,52,376,51
333,21,384,17
234,35,387,30
291,20,394,31
480,24,408,14
626,33,410,17
685,70,413,14
32,6,416,52
7,42,417,14
428,29,427,25
183,43,434,6
541,20,437,49
177,0,439,60
662,29,446,37
395,6,447,9
436,44,460,27
732,26,462,49
463,45,464,0
262,0,467,52
588,17,469,65
468,16,474,31
422,0,477,37
179,14,481,6
310,40,496,55
730,41,498,45
689,14,499,77
31,29,502,31
8,13,521,66
512,14,524,42
759,47,526,44
150,31,531,21
451,21,532,24
704,41,538,7
283,14,528,38
511,20,544,7
605,7,555,13
16,14,557,7
450,21,563,12
193,32,546,38
126,9,578,49
564,17,579,21
580,27,581,49
354,20,589,21
549,14,597,17
251,3,604,34
373,6,607,84
692,31,619,45
620,7,624,17
486,36,625,3
50,0,630,58
583,17,632,27
418,50,633,17
636,28,634,31
194,37,635,6
297,10,637,24
9,20,638,41
36,15,641,10
303,38,652,17
610,31,653,7
642,7,658,12
554,13,666,56
586,27,667,34
221,42,669,35
207,14,680,67
414,29,693,36
392,38,697,14
516,34,705,13
503,23,712,42
29,28,714,69
452,35,725,28
756,41,727,31
293,15,734,13
672,16,735,40
722,42,743,34
132,6,746,48
535,10,750,6
522,21,762,45
4,27,765,35
53,21,393,42
476,21,736,28
145,19,4,27
417,24,8,31
416,35,414,3
91,44,80,14
188,6,130,56
447,28,296,31
637,24,310,17
195,28,316,20
277,31,386,52
32,0,418,38
5,28,494,49
502,55,503,15
137,28,577,31
113,38,583,10
116,13,651,51
695,31,697,34
712,28,714,15
496,59,730,56
40,21,6,52
658,10,27,21
31,41,29,40
643,24,55,35
150,38,62,54
687,24,76,33
625,42,77,21
528,21,86,13
142,21,96,33
578,35,135,56
632,57,155,7
705,59,185,7
444,21,213,27
669,27,220,24
372,28,221,25
218,41,222,14
563,13,231,31
306,58,233,27
245,21,242,45
243,35,244,14
526,28,291,21
311,38,297,42
191,27,302,34
173,6,303,20
179,40,312,43
756,17,340,21
456,21,342,28
735,30,354,15
355,31,356,28
317,56,357,10
64,9,375,75
516,3,392,24
544,10,395,14
9,3,398,27
146,10,406,24
290,14,428,35
615,14,437,51
121,35,439,51
529,6,441,35
576,59,452,20
765,31,454,3
561,30,458,49
465,34,462,28
68,27,467,24
333,13,477,16
286,16,480,24
272,14,487,19
394,39,493,62
295,7,507,35
376,3,511,38
641,14,521,60
499,13,534,27
268,31,562,30
622,14,546,28
464,21,579,17
486,24,586,17
249,28,592,38
51,23,604,33
746,24,607,45
626,28,630,34
498,24,628,31
326,72,638,74
33,33,642,7
472,24,646,21
186,31,652,10
446,28,661,29
548,24,662,27
616,49,667,42
450,29,671,34
85,27,686,35
589,39,672,7
610,21,680,54
79,16,690,66
633,13,693,38
408,37,759,15
203,7,762,19
124,14,647,43
91,29,476,30
501,38,504,35
712,10,686,3
592,28,14,37
118,41,25,34
355,19,27,30
205,30,35,22
231,19,76,16
616,23,96,13
386,41,113,56
516,10,135,42
303,20,140,23
458,21,198,42
6,35,242,28
183,24,297,27
528,14,306,37
62,43,312,21
762,10,315,13
460,17,342,52
302,27,364,55
607,18,375,21
9,27,398,25
630,10,406,13
407,16,420,51
604,28,437,34
441,10,439,38
188,3,465,58
428,10,469,52
576,17,487,21
480,24,493,45
637,27,496,39
213,37,507,14
5,3,578,28
186,6,581,51
424,30,585,25
477,16,666,23
68,12,680,26
340,21,690,61
372,20,697,41
546,23,721,48
364,23,721,18
666,29,198,34
581,27,315,17
680,14,375,31
213,42,406,25
306,20,439,28
37,17,446,10
140,0,469,35
487,24,690,30
439,16,375,24
581,21,469,44
231,31,31,20
437,35,62,28
364,19,198,50
195,21,243,23
27,45,398,13
14,22,463,24
687,52,472,13
355,24,661,41
213,47,690,49
476,13,9,37
562,0,494,27
372,38,583,20
736,18,85,49
651,32,221,35
354,31,268,14
37,70,277,14
705,37,386,34
91,32,658,42
628,10,96,7
245,10,408,34
693,38,55,45
632,27,185,56
392,3,759,35
526,14,40,63
714,28,297,26
625,34,730,18
496,34,6,45
486,3,135,30
394,15,218,41
33,13,450,16
695,28,578,0
498,38,418,33
638,52,465,13
395,6,502,7
516,13,616,14
480,31,686,20
130,35,697,31
511,24,317,27
113,32,326,40
296,27,416,22
242,21,637,28
493,28,712,23
198,24,469,38
135,44,6,16
